[
    {
        "id":"1",
        "title":"Android for Expert",
        "author":"George R.R",
        "year":"1996"
    },
    {
        "id":"2",
        "title":"Complete Reference",
        "author":"George P.R. Martin",
        "year":"1998"
    },
    {
        "id":"3",
        "title":"BackBone JS",
        "author":"Kalvin R.V",
        "year":"2000"
    },
    {
        "id":"4",
        "title":"Knock Out JS",
        "author":"J.J Markin",
        "year":"2005"
    },
    {
        "id":"5",
        "title":"Pointer in C",
        "author":"Y P Kanitkar",
        "year":"2011"
    },
    {
        "id":"6",
        "title":"Big Data",
        "author":"Pearson D A",
        "year":"2011"
    },
    {
        "id":"7",
        "title":"A Dream of Spring",
        "author":"George R.R. Martin",
        "year":"2012"
    },
    {
        "id":"8",
        "title":"The Philosopher's Stone",
        "author":"J.K. Rowling",
        "year":"1997"
    },
    {
        "id":"9",
        "title":"The Chamber of Secrets",
        "author":"J.K. Rowling",
        "year":"1998"
    },
    {
        "id":"10",
        "title":"The Prisoner of Azkaban",
        "author":"J.K. Rowling",
        "year":"1999"
    }
]